ds,y,ticker,name
2021-05-14,332.59320068359375,SBIN.NS,State Bank of India
2021-05-17,353.4927062988281,SBIN.NS,State Bank of India
2021-05-18,352.70843505859375,SBIN.NS,State Bank of India
2021-05-19,354.6922302246094,SBIN.NS,State Bank of India
2021-05-20,354.8306884765625,SBIN.NS,State Bank of India
2021-05-21,370.1939392089844,SBIN.NS,State Bank of India
2021-05-24,380.2053527832031,SBIN.NS,State Bank of India
2021-05-25,380.4822082519531,SBIN.NS,State Bank of India
2021-05-26,381.5894470214844,SBIN.NS,State Bank of India
2021-05-27,392.339111328125,SBIN.NS,State Bank of India
2021-05-28,389.4324951171875,SBIN.NS,State Bank of India
2021-05-31,391.5548095703125,SBIN.NS,State Bank of India
2021-06-01,399.1210632324219,SBIN.NS,State Bank of India
2021-06-02,403.45782470703125,SBIN.NS,State Bank of India
2021-06-03,409.4177551269531,SBIN.NS,State Bank of India
2021-06-04,403.7837829589844,SBIN.NS,State Bank of India
2021-06-07,402.526611328125,SBIN.NS,State Bank of India
2021-06-08,397.8238525390625,SBIN.NS,State Bank of India
2021-06-09,392.46923828125,SBIN.NS,State Bank of India
2021-06-10,402.526611328125,SBIN.NS,State Bank of India
2021-06-11,400.0588073730469,SBIN.NS,State Bank of India
2021-06-14,400.75726318359375,SBIN.NS,State Bank of India
2021-06-15,399.9656982421875,SBIN.NS,State Bank of India
2021-06-16,396.6598205566406,SBIN.NS,State Bank of India
2021-06-17,391.3517761230469,SBIN.NS,State Bank of India
2021-06-18,384.5071716308594,SBIN.NS,State Bank of India
2021-06-21,390.88616943359375,SBIN.NS,State Bank of India
2021-06-22,389.8617858886719,SBIN.NS,State Bank of India
2021-06-23,390.04803466796875,SBIN.NS,State Bank of India
2021-06-24,388.5115051269531,SBIN.NS,State Bank of India
2021-06-25,399.3138427734375,SBIN.NS,State Bank of India
2021-06-28,397.40478515625,SBIN.NS,State Bank of India
2021-06-29,392.51580810546875,SBIN.NS,State Bank of India
2021-06-30,390.3739929199219,SBIN.NS,State Bank of India
2021-07-01,391.4914245605469,SBIN.NS,State Bank of India
2021-07-02,395.2164001464844,SBIN.NS,State Bank of India
2021-07-05,402.8990783691406,SBIN.NS,State Bank of India
2021-07-06,400.1985168457031,SBIN.NS,State Bank of India
2021-07-07,403.0853271484375,SBIN.NS,State Bank of India
2021-07-08,395.262939453125,SBIN.NS,State Bank of India
2021-07-09,394.611083984375,SBIN.NS,State Bank of India
2021-07-12,398.0566711425781,SBIN.NS,State Bank of India
2021-07-13,399.5932312011719,SBIN.NS,State Bank of India
2021-07-14,401.40911865234375,SBIN.NS,State Bank of India
2021-07-15,402.0144348144531,SBIN.NS,State Bank of India
2021-07-16,400.4312744140625,SBIN.NS,State Bank of India
2021-07-19,398.4757080078125,SBIN.NS,State Bank of India
2021-07-20,391.9570617675781,SBIN.NS,State Bank of India
2021-07-22,393.0279541015625,SBIN.NS,State Bank of India
2021-07-23,399.4069519042969,SBIN.NS,State Bank of India
2021-07-26,394.1920166015625,SBIN.NS,State Bank of India
2021-07-27,400.384765625,SBIN.NS,State Bank of India
2021-07-28,396.2407531738281,SBIN.NS,State Bank of India
2021-07-29,411.1870422363281,SBIN.NS,State Bank of India
2021-07-30,402.1075134277344,SBIN.NS,State Bank of India
2021-08-02,404.994384765625,SBIN.NS,State Bank of India
2021-08-03,415.7966613769531,SBIN.NS,State Bank of India
2021-08-04,425.5281066894531,SBIN.NS,State Bank of India
2021-08-05,411.46649169921875,SBIN.NS,State Bank of India
2021-08-06,405.6927490234375,SBIN.NS,State Bank of India
2021-08-09,403.5975341796875,SBIN.NS,State Bank of India
2021-08-10,397.12542724609375,SBIN.NS,State Bank of India
2021-08-11,398.6153564453125,SBIN.NS,State Bank of India
2021-08-12,397.7773132324219,SBIN.NS,State Bank of India
2021-08-13,401.5487976074219,SBIN.NS,State Bank of India
2021-08-16,395.6354675292969,SBIN.NS,State Bank of India
2021-08-17,392.51580810546875,SBIN.NS,State Bank of India
2021-08-18,390.839599609375,SBIN.NS,State Bank of India
2021-08-20,378.7335510253906,SBIN.NS,State Bank of India
2021-08-23,381.3409729003906,SBIN.NS,State Bank of India
2021-08-24,388.8840026855469,SBIN.NS,State Bank of India
2021-08-25,387.6268310546875,SBIN.NS,State Bank of India
2021-08-26,382.5050048828125,SBIN.NS,State Bank of India
2021-08-27,384.0881652832031,SBIN.NS,State Bank of India
2021-08-30,393.63330078125,SBIN.NS,State Bank of India
2021-08-31,396.7529296875,SBIN.NS,State Bank of India
2021-09-01,400.3382263183594,SBIN.NS,State Bank of India
2021-09-02,400.1985168457031,SBIN.NS,State Bank of India
2021-09-03,401.73504638671875,SBIN.NS,State Bank of India
2021-09-06,401.40911865234375,SBIN.NS,State Bank of India
2021-09-07,399.5932312011719,SBIN.NS,State Bank of India
2021-09-08,401.6884765625,SBIN.NS,State Bank of India
2021-09-09,402.5731506347656,SBIN.NS,State Bank of India
2021-09-13,403.0853271484375,SBIN.NS,State Bank of India
2021-09-14,403.2250061035156,SBIN.NS,State Bank of India
2021-09-15,413.32891845703125,SBIN.NS,State Bank of India
2021-09-16,431.81396484375,SBIN.NS,State Bank of India
2021-09-17,422.8741149902344,SBIN.NS,State Bank of India
2021-09-20,407.3690185546875,SBIN.NS,State Bank of India
2021-09-21,408.6261901855469,SBIN.NS,State Bank of India
2021-09-22,408.6727600097656,SBIN.NS,State Bank of India
2021-09-23,418.8697509765625,SBIN.NS,State Bank of India
2021-09-24,410.4421081542969,SBIN.NS,State Bank of India
2021-09-27,415.88983154296875,SBIN.NS,State Bank of India
2021-09-28,414.3067321777344,SBIN.NS,State Bank of India
2021-09-29,428.3683776855469,SBIN.NS,State Bank of India
2021-09-30,421.8497314453125,SBIN.NS,State Bank of India
2021-10-01,420.5925598144531,SBIN.NS,State Bank of India
2021-10-04,431.3017883300781,SBIN.NS,State Bank of India
2021-10-05,432.7452087402344,SBIN.NS,State Bank of India
2021-10-06,425.76092529296875,SBIN.NS,State Bank of India
2021-10-07,426.41278076171875,SBIN.NS,State Bank of India
2021-10-08,426.5058898925781,SBIN.NS,State Bank of India
2021-10-11,436.9823303222656,SBIN.NS,State Bank of India
2021-10-12,449.7867736816406,SBIN.NS,State Bank of India
2021-10-13,448.5762023925781,SBIN.NS,State Bank of India
2021-10-14,456.8641662597656,SBIN.NS,State Bank of India
2021-10-18,463.70880126953125,SBIN.NS,State Bank of India
2021-10-19,454.6292419433594,SBIN.NS,State Bank of India
2021-10-20,465.5246887207031,SBIN.NS,State Bank of India
2021-10-21,468.3649597167969,SBIN.NS,State Bank of India
2021-10-22,468.3649597167969,SBIN.NS,State Bank of India
2021-10-25,471.67083740234375,SBIN.NS,State Bank of India
2021-10-26,477.3047790527344,SBIN.NS,State Bank of India
2021-10-27,483.45098876953125,SBIN.NS,State Bank of India
2021-10-28,466.875,SBIN.NS,State Bank of India
2021-10-29,467.61993408203125,SBIN.NS,State Bank of India
2021-11-01,480.23822021484375,SBIN.NS,State Bank of India
2021-11-02,485.82562255859375,SBIN.NS,State Bank of India
2021-11-03,491.3664855957031,SBIN.NS,State Bank of India
2021-11-04,493.97393798828125,SBIN.NS,State Bank of India
2021-11-08,487.26904296875,SBIN.NS,State Bank of India
2021-11-09,492.7633056640625,SBIN.NS,State Bank of India
2021-11-10,488.3399963378906,SBIN.NS,State Bank of India
2021-11-11,474.55767822265625,SBIN.NS,State Bank of India
2021-11-12,476.18731689453125,SBIN.NS,State Bank of India
2021-11-15,471.71734619140625,SBIN.NS,State Bank of India
2021-11-16,461.05474853515625,SBIN.NS,State Bank of India
2021-11-17,463.8949890136719,SBIN.NS,State Bank of India
2021-11-18,469.1564636230469,SBIN.NS,State Bank of India
2021-11-22,452.9530029296875,SBIN.NS,State Bank of India
2021-11-23,459.14569091796875,SBIN.NS,State Bank of India
2021-11-24,459.23883056640625,SBIN.NS,State Bank of India
2021-11-25,456.8175964355469,SBIN.NS,State Bank of India
2021-11-26,438.1463317871094,SBIN.NS,State Bank of India
2021-11-29,433.11767578125,SBIN.NS,State Bank of India
2021-11-30,428.88055419921875,SBIN.NS,State Bank of India
2021-12-01,442.61627197265625,SBIN.NS,State Bank of India
2021-12-02,444.1993713378906,SBIN.NS,State Bank of India
2021-12-03,440.6141052246094,SBIN.NS,State Bank of India
2021-12-06,433.3039245605469,SBIN.NS,State Bank of India
2021-12-07,443.9200134277344,SBIN.NS,State Bank of India
2021-12-08,457.74884033203125,SBIN.NS,State Bank of India
2021-12-09,455.0482482910156,SBIN.NS,State Bank of India
2021-12-10,460.6822509765625,SBIN.NS,State Bank of India
2021-12-13,454.2567138671875,SBIN.NS,State Bank of India
2021-12-14,454.95513916015625,SBIN.NS,State Bank of India
2021-12-15,451.4630126953125,SBIN.NS,State Bank of India
2021-12-16,448.06402587890625,SBIN.NS,State Bank of India
2021-12-17,435.63201904296875,SBIN.NS,State Bank of India
2021-12-20,418.3110656738281,SBIN.NS,State Bank of India
2021-12-21,415.3310546875,SBIN.NS,State Bank of India
2021-12-22,424.5037536621094,SBIN.NS,State Bank of India
2021-12-23,430.0445861816406,SBIN.NS,State Bank of India
2021-12-24,425.5281066894531,SBIN.NS,State Bank of India
2021-12-27,426.5524597167969,SBIN.NS,State Bank of India
2021-12-28,429.4858703613281,SBIN.NS,State Bank of India
2021-12-29,423.1534729003906,SBIN.NS,State Bank of India
2021-12-30,420.6391296386719,SBIN.NS,State Bank of India
2021-12-31,428.7874450683594,SBIN.NS,State Bank of India
2022-01-03,438.42572021484375,SBIN.NS,State Bank of India
2022-01-04,450.2524108886719,SBIN.NS,State Bank of India
2022-01-05,458.5404052734375,SBIN.NS,State Bank of India
2022-01-06,457.8885498046875,SBIN.NS,State Bank of India
2022-01-07,457.469482421875,SBIN.NS,State Bank of India
2022-01-10,469.0168151855469,SBIN.NS,State Bank of India
2022-01-11,471.15869140625,SBIN.NS,State Bank of India
2022-01-12,475.1629638671875,SBIN.NS,State Bank of India
2022-01-13,476.18731689453125,SBIN.NS,State Bank of India
2022-01-14,473.39361572265625,SBIN.NS,State Bank of India
2022-01-17,478.6551208496094,SBIN.NS,State Bank of India
2022-01-18,471.9501953125,SBIN.NS,State Bank of India
2022-01-19,480.331298828125,SBIN.NS,State Bank of India
2022-01-20,476.2339172363281,SBIN.NS,State Bank of India
2022-01-21,468.13214111328125,SBIN.NS,State Bank of India
2022-01-24,460.1700744628906,SBIN.NS,State Bank of India
2022-01-25,479.2604064941406,SBIN.NS,State Bank of India
2022-01-27,492.57708740234375,SBIN.NS,State Bank of India
2022-01-28,487.455322265625,SBIN.NS,State Bank of India
2022-01-31,501.28411865234375,SBIN.NS,State Bank of India
2022-02-01,495.6967468261719,SBIN.NS,State Bank of India
2022-02-02,502.68096923828125,SBIN.NS,State Bank of India
2022-02-03,502.9603576660156,SBIN.NS,State Bank of India
2022-02-04,493.834228515625,SBIN.NS,State Bank of India
2022-02-07,496.5813903808594,SBIN.NS,State Bank of India
2022-02-08,494.8119812011719,SBIN.NS,State Bank of India
2022-02-09,498.4438171386719,SBIN.NS,State Bank of India
2022-02-10,503.3793640136719,SBIN.NS,State Bank of India
2022-02-11,493.1823425292969,SBIN.NS,State Bank of India
2022-02-14,466.9215393066406,SBIN.NS,State Bank of India
2022-02-15,488.7124328613281,SBIN.NS,State Bank of India
2022-02-16,481.16943359375,SBIN.NS,State Bank of India
2022-02-17,477.6773376464844,SBIN.NS,State Bank of India
2022-02-18,479.8656921386719,SBIN.NS,State Bank of India
2022-02-21,476.6529541015625,SBIN.NS,State Bank of India
2022-02-22,464.1278381347656,SBIN.NS,State Bank of India
2022-02-23,464.4071960449219,SBIN.NS,State Bank of India
2022-02-24,440.14849853515625,SBIN.NS,State Bank of India
2022-02-25,449.7402648925781,SBIN.NS,State Bank of India
2022-02-28,449.9730224609375,SBIN.NS,State Bank of India
2022-03-02,441.63848876953125,SBIN.NS,State Bank of India
2022-03-03,435.2594909667969,SBIN.NS,State Bank of India
2022-03-04,430.184326171875,SBIN.NS,State Bank of India
2022-03-07,410.0230407714844,SBIN.NS,State Bank of India
2022-03-08,410.0230407714844,SBIN.NS,State Bank of India
2022-03-09,420.6391296386719,SBIN.NS,State Bank of India
2022-03-10,436.4701232910156,SBIN.NS,State Bank of India
2022-03-11,438.0066833496094,SBIN.NS,State Bank of India
2022-03-14,451.7889404296875,SBIN.NS,State Bank of India
2022-03-15,452.4408264160156,SBIN.NS,State Bank of India
2022-03-16,458.8663330078125,SBIN.NS,State Bank of India
2022-03-17,467.3871765136719,SBIN.NS,State Bank of India
2022-03-21,456.8641662597656,SBIN.NS,State Bank of India
2022-03-22,459.75103759765625,SBIN.NS,State Bank of India
2022-03-23,456.9107666015625,SBIN.NS,State Bank of India
2022-03-24,453.6048583984375,SBIN.NS,State Bank of India
2022-03-25,456.95733642578125,SBIN.NS,State Bank of India
2022-03-28,463.28973388671875,SBIN.NS,State Bank of India
2022-03-29,460.9616394042969,SBIN.NS,State Bank of India
2022-03-30,460.30975341796875,SBIN.NS,State Bank of India
2022-03-31,459.6112976074219,SBIN.NS,State Bank of India
2022-04-01,473.2539367675781,SBIN.NS,State Bank of India
2022-04-04,477.1651611328125,SBIN.NS,State Bank of India
2022-04-05,474.37139892578125,SBIN.NS,State Bank of India
2022-04-06,478.6085510253906,SBIN.NS,State Bank of India
2022-04-07,479.539794921875,SBIN.NS,State Bank of India
2022-04-08,480.61065673828125,SBIN.NS,State Bank of India
2022-04-11,479.4932556152344,SBIN.NS,State Bank of India
2022-04-12,477.5841369628906,SBIN.NS,State Bank of India
2022-04-13,482.1007080078125,SBIN.NS,State Bank of India
2022-04-18,474.4645690917969,SBIN.NS,State Bank of India
2022-04-19,476.60638427734375,SBIN.NS,State Bank of India
2022-04-20,474.2782897949219,SBIN.NS,State Bank of India
2022-04-21,480.7969055175781,SBIN.NS,State Bank of India
2022-04-22,466.1765441894531,SBIN.NS,State Bank of India
2022-04-25,460.72882080078125,SBIN.NS,State Bank of India
2022-04-26,470.7396240234375,SBIN.NS,State Bank of India
2022-04-27,463.0569152832031,SBIN.NS,State Bank of India
2022-04-28,472.6020812988281,SBIN.NS,State Bank of India
2022-04-29,462.1722412109375,SBIN.NS,State Bank of India
2022-05-02,457.2366943359375,SBIN.NS,State Bank of India
2022-05-04,446.66717529296875,SBIN.NS,State Bank of India
2022-05-05,446.9930725097656,SBIN.NS,State Bank of India
2022-05-06,450.6715087890625,SBIN.NS,State Bank of India
2022-05-09,443.1750183105469,SBIN.NS,State Bank of India
2022-05-10,442.5231628417969,SBIN.NS,State Bank of India
2022-05-11,443.7803039550781,SBIN.NS,State Bank of India
2022-05-12,430.8361511230469,SBIN.NS,State Bank of India
2022-05-13,414.07391357421875,SBIN.NS,State Bank of India
2022-05-16,423.7121887207031,SBIN.NS,State Bank of India
2022-05-17,435.1664123535156,SBIN.NS,State Bank of India
2022-05-18,426.5058898925781,SBIN.NS,State Bank of India
2022-05-19,416.7279052734375,SBIN.NS,State Bank of India
2022-05-20,430.6033630371094,SBIN.NS,State Bank of India
2022-05-23,429.20648193359375,SBIN.NS,State Bank of India
2022-05-24,430.27740478515625,SBIN.NS,State Bank of India
2022-05-25,429.4735107421875,SBIN.NS,State Bank of India
2022-05-26,443.47088623046875,SBIN.NS,State Bank of India
2022-05-27,443.5181884765625,SBIN.NS,State Bank of India
2022-05-30,448.8617858886719,SBIN.NS,State Bank of India
2022-05-31,442.7142639160156,SBIN.NS,State Bank of India
2022-06-01,442.9034118652344,SBIN.NS,State Bank of India
2022-06-02,444.369384765625,SBIN.NS,State Bank of India
2022-06-03,439.30950927734375,SBIN.NS,State Bank of India
2022-06-06,438.55291748046875,SBIN.NS,State Bank of India
2022-06-07,438.2691650390625,SBIN.NS,State Bank of India
2022-06-08,445.7406921386719,SBIN.NS,State Bank of India
2022-06-09,441.62664794921875,SBIN.NS,State Bank of India
2022-06-10,436.80322265625,SBIN.NS,State Bank of India
2022-06-13,421.6709289550781,SBIN.NS,State Bank of India
2022-06-14,423.7989196777344,SBIN.NS,State Bank of India
2022-06-15,426.8726806640625,SBIN.NS,State Bank of India
2022-06-16,417.65142822265625,SBIN.NS,State Bank of India
2022-06-17,417.0839538574219,SBIN.NS,State Bank of India
2022-06-20,411.1256408691406,SBIN.NS,State Bank of India
2022-06-21,426.30517578125,SBIN.NS,State Bank of India
2022-06-22,423.373291015625,SBIN.NS,State Bank of India
2022-06-23,426.919921875,SBIN.NS,State Bank of India
2022-06-24,429.6153564453125,SBIN.NS,State Bank of India
2022-06-27,436.1884765625,SBIN.NS,State Bank of India
2022-06-28,439.07305908203125,SBIN.NS,State Bank of India
2022-06-29,434.2023620605469,SBIN.NS,State Bank of India
2022-06-30,440.6335754394531,SBIN.NS,State Bank of India
2022-07-01,441.5320739746094,SBIN.NS,State Bank of India
2022-07-04,447.7741394042969,SBIN.NS,State Bank of India
2022-07-05,446.54461669921875,SBIN.NS,State Bank of India
2022-07-06,453.921630859375,SBIN.NS,State Bank of India
2022-07-07,460.3528747558594,SBIN.NS,State Bank of India
2022-07-08,462.05523681640625,SBIN.NS,State Bank of India
2022-07-11,461.7242431640625,SBIN.NS,State Bank of India
2022-07-12,458.6504821777344,SBIN.NS,State Bank of India
2022-07-13,460.11639404296875,SBIN.NS,State Bank of India
2022-07-14,453.35418701171875,SBIN.NS,State Bank of India
2022-07-15,453.1177062988281,SBIN.NS,State Bank of India
2022-07-18,463.7103271484375,SBIN.NS,State Bank of India
2022-07-19,470.9454650878906,SBIN.NS,State Bank of India
2022-07-20,481.0179138183594,SBIN.NS,State Bank of India
2022-07-21,484.2807922363281,SBIN.NS,State Bank of India
2022-07-22,485.84130859375,SBIN.NS,State Bank of India
2022-07-25,489.7189636230469,SBIN.NS,State Bank of India
2022-07-26,486.314208984375,SBIN.NS,State Bank of India
2022-07-27,499.5549621582031,SBIN.NS,State Bank of India
2022-07-28,503.57452392578125,SBIN.NS,State Bank of India
2022-07-29,499.6968078613281,SBIN.NS,State Bank of India
2022-08-01,504.8039855957031,SBIN.NS,State Bank of India
2022-08-02,512.701171875,SBIN.NS,State Bank of India
2022-08-03,511.5188903808594,SBIN.NS,State Bank of India
2022-08-04,504.3311462402344,SBIN.NS,State Bank of India
2022-08-05,502.25042724609375,SBIN.NS,State Bank of India
2022-08-08,492.177978515625,SBIN.NS,State Bank of India
2022-08-10,486.7870788574219,SBIN.NS,State Bank of India
2022-08-11,496.2920837402344,SBIN.NS,State Bank of India
2022-08-12,501.91937255859375,SBIN.NS,State Bank of India
2022-08-16,497.427001953125,SBIN.NS,State Bank of India
2022-08-17,499.5077209472656,SBIN.NS,State Bank of India
2022-08-18,503.4798889160156,SBIN.NS,State Bank of India
2022-08-19,492.1306457519531,SBIN.NS,State Bank of India
2022-08-22,483.57147216796875,SBIN.NS,State Bank of India
2022-08-23,493.5966491699219,SBIN.NS,State Bank of India
2022-08-24,491.13763427734375,SBIN.NS,State Bank of India
2022-08-25,492.177978515625,SBIN.NS,State Bank of India
2022-08-26,495.3935546875,SBIN.NS,State Bank of India
2022-08-29,486.928955078125,SBIN.NS,State Bank of India
2022-08-30,502.4395446777344,SBIN.NS,State Bank of India
2022-09-01,504.37835693359375,SBIN.NS,State Bank of India
2022-09-02,507.593994140625,SBIN.NS,State Bank of India
2022-09-05,509.6747131347656,SBIN.NS,State Bank of India
2022-09-06,508.6343078613281,SBIN.NS,State Bank of India
2022-09-07,503.95281982421875,SBIN.NS,State Bank of India
2022-09-08,515.1128540039062,SBIN.NS,State Bank of India
2022-09-09,523.3410034179688,SBIN.NS,State Bank of India
2022-09-12,524.8070068359375,SBIN.NS,State Bank of India
2022-09-13,527.7388916015625,SBIN.NS,State Bank of India
2022-09-14,540.7431640625,SBIN.NS,State Bank of India
2022-09-15,541.1215209960938,SBIN.NS,State Bank of India
2022-09-16,531.332763671875,SBIN.NS,State Bank of India
2022-09-19,541.2161254882812,SBIN.NS,State Bank of India
2022-09-20,542.91845703125,SBIN.NS,State Bank of India
2022-09-21,538.8043823242188,SBIN.NS,State Bank of India
2022-09-22,536.5345458984375,SBIN.NS,State Bank of India
2022-09-23,520.7401733398438,SBIN.NS,State Bank of India
2022-09-26,513.8360595703125,SBIN.NS,State Bank of India
2022-09-27,507.40484619140625,SBIN.NS,State Bank of India
2022-09-28,496.3865966796875,SBIN.NS,State Bank of India
2022-09-29,493.45477294921875,SBIN.NS,State Bank of India
2022-09-30,501.82476806640625,SBIN.NS,State Bank of India
2022-10-03,491.5632019042969,SBIN.NS,State Bank of India
2022-10-04,503.8109436035156,SBIN.NS,State Bank of India
2022-10-06,508.16143798828125,SBIN.NS,State Bank of India
2022-10-07,501.4465026855469,SBIN.NS,State Bank of India
2022-10-10,501.9666748046875,SBIN.NS,State Bank of India
2022-10-11,498.7983703613281,SBIN.NS,State Bank of India
2022-10-12,504.85125732421875,SBIN.NS,State Bank of India
2022-10-13,493.1710510253906,SBIN.NS,State Bank of India
2022-10-14,498.6091613769531,SBIN.NS,State Bank of India
2022-10-17,514.1671142578125,SBIN.NS,State Bank of India
2022-10-18,531.947509765625,SBIN.NS,State Bank of India
2022-10-19,523.3883666992188,SBIN.NS,State Bank of India
2022-10-20,525.2799072265625,SBIN.NS,State Bank of India
2022-10-21,530.434326171875,SBIN.NS,State Bank of India
2022-10-24,539.5609741210938,SBIN.NS,State Bank of India
2022-10-25,547.1744384765625,SBIN.NS,State Bank of India
2022-10-27,548.2147216796875,SBIN.NS,State Bank of India
2022-10-28,539.79736328125,SBIN.NS,State Bank of India
2022-10-31,542.6820068359375,SBIN.NS,State Bank of India
2022-11-01,545.6138916015625,SBIN.NS,State Bank of India
2022-11-02,542.7293090820312,SBIN.NS,State Bank of India
2022-11-03,553.1801147460938,SBIN.NS,State Bank of India
2022-11-04,561.7392578125,SBIN.NS,State Bank of India
2022-11-07,580.8438110351562,SBIN.NS,State Bank of India
2022-11-09,582.1677856445312,SBIN.NS,State Bank of India
2022-11-10,572.8993530273438,SBIN.NS,State Bank of India
2022-11-11,568.6906127929688,SBIN.NS,State Bank of India
2022-11-14,560.4152221679688,SBIN.NS,State Bank of India
2022-11-15,568.2650146484375,SBIN.NS,State Bank of India
2022-11-16,567.2246704101562,SBIN.NS,State Bank of India
2022-11-17,566.5626831054688,SBIN.NS,State Bank of India
2022-11-18,570.0147094726562,SBIN.NS,State Bank of India
2022-11-21,565.6641845703125,SBIN.NS,State Bank of India
2022-11-22,566.6099853515625,SBIN.NS,State Bank of India
2022-11-23,574.6962890625,SBIN.NS,State Bank of India
2022-11-24,576.3040771484375,SBIN.NS,State Bank of India
2022-11-25,574.4598388671875,SBIN.NS,State Bank of India
2022-11-28,575.5947265625,SBIN.NS,State Bank of India
2022-11-29,575.5474853515625,SBIN.NS,State Bank of India
2022-11-30,569.7783203125,SBIN.NS,State Bank of India
2022-12-01,575.121826171875,SBIN.NS,State Bank of India
2022-12-02,574.6016845703125,SBIN.NS,State Bank of India
2022-12-05,583.8229370117188,SBIN.NS,State Bank of India
2022-12-06,575.9258422851562,SBIN.NS,State Bank of India
2022-12-07,574.1287841796875,SBIN.NS,State Bank of India
2022-12-08,578.4793701171875,SBIN.NS,State Bank of India
2022-12-09,583.0663452148438,SBIN.NS,State Bank of India
2022-12-12,579.8034057617188,SBIN.NS,State Bank of India
2022-12-13,583.3027954101562,SBIN.NS,State Bank of India
2022-12-14,591.5782470703125,SBIN.NS,State Bank of India
2022-12-15,582.5462036132812,SBIN.NS,State Bank of India
2022-12-16,570.6294555664062,SBIN.NS,State Bank of India
2022-12-19,571.6697998046875,SBIN.NS,State Bank of India
2022-12-20,571.6697998046875,SBIN.NS,State Bank of India
2022-12-21,561.2190551757812,SBIN.NS,State Bank of India
2022-12-22,561.2190551757812,SBIN.NS,State Bank of India
2022-12-23,542.8711547851562,SBIN.NS,State Bank of India
2022-12-26,564.7184448242188,SBIN.NS,State Bank of India
2022-12-27,569.2581176757812,SBIN.NS,State Bank of India
2022-12-28,568.4542236328125,SBIN.NS,State Bank of India
2022-12-29,578.6212158203125,SBIN.NS,State Bank of India
2022-12-30,580.418212890625,SBIN.NS,State Bank of India
2023-01-02,578.9995727539062,SBIN.NS,State Bank of India
2023-01-03,579.1886596679688,SBIN.NS,State Bank of India
2023-01-04,572.3792114257812,SBIN.NS,State Bank of India
2023-01-05,572.2845458984375,SBIN.NS,State Bank of India
2023-01-06,568.075927734375,SBIN.NS,State Bank of India
2023-01-09,574.7435913085938,SBIN.NS,State Bank of India
2023-01-10,562.874267578125,SBIN.NS,State Bank of India
2023-01-11,564.3401489257812,SBIN.NS,State Bank of India
2023-01-12,562.6377563476562,SBIN.NS,State Bank of India
2023-01-13,567.5557250976562,SBIN.NS,State Bank of India
2023-01-16,570.2984619140625,SBIN.NS,State Bank of India
2023-01-17,560.7935180664062,SBIN.NS,State Bank of India
2023-01-18,559.3748168945312,SBIN.NS,State Bank of India
2023-01-19,557.861572265625,SBIN.NS,State Bank of India
2023-01-20,560.0841674804688,SBIN.NS,State Bank of India
2023-01-23,567.8867797851562,SBIN.NS,State Bank of India
2023-01-24,562.1175537109375,SBIN.NS,State Bank of India
2023-01-25,537.8585815429688,SBIN.NS,State Bank of India
2023-01-27,510.6677551269531,SBIN.NS,State Bank of India
2023-01-30,509.01263427734375,SBIN.NS,State Bank of India
2023-01-31,523.48291015625,SBIN.NS,State Bank of India
2023-02-01,498.7510070800781,SBIN.NS,State Bank of India
2023-02-02,499.4603271484375,SBIN.NS,State Bank of India
2023-02-03,514.687255859375,SBIN.NS,State Bank of India
2023-02-06,515.8222045898438,SBIN.NS,State Bank of India
2023-02-07,517.429931640625,SBIN.NS,State Bank of India
2023-02-08,519.936279296875,SBIN.NS,State Bank of India
2023-02-09,520.9293823242188,SBIN.NS,State Bank of India
2023-02-10,523.0573120117188,SBIN.NS,State Bank of India
2023-02-13,508.35064697265625,SBIN.NS,State Bank of India
2023-02-14,511.5188903808594,SBIN.NS,State Bank of India
2023-02-15,512.843017578125,SBIN.NS,State Bank of India
2023-02-16,510.8095703125,SBIN.NS,State Bank of India
2023-02-17,502.2031555175781,SBIN.NS,State Bank of India
2023-02-20,496.67041015625,SBIN.NS,State Bank of India
2023-02-21,495.0625915527344,SBIN.NS,State Bank of India
2023-02-22,488.34759521484375,SBIN.NS,State Bank of India
2023-02-23,492.74542236328125,SBIN.NS,State Bank of India
2023-02-24,492.792724609375,SBIN.NS,State Bank of India
2023-02-27,499.0820617675781,SBIN.NS,State Bank of India
2023-02-28,494.4478454589844,SBIN.NS,State Bank of India
2023-03-01,507.593994140625,SBIN.NS,State Bank of India
2023-03-02,504.8039855957031,SBIN.NS,State Bank of India
2023-03-03,530.765380859375,SBIN.NS,State Bank of India
2023-03-06,531.2382202148438,SBIN.NS,State Bank of India
2023-03-08,534.1701049804688,SBIN.NS,State Bank of India
2023-03-09,528.590087890625,SBIN.NS,State Bank of India
2023-03-10,517.6663818359375,SBIN.NS,State Bank of India
2023-03-13,501.2573547363281,SBIN.NS,State Bank of India
2023-03-14,496.9068298339844,SBIN.NS,State Bank of India
2023-03-15,489.4825134277344,SBIN.NS,State Bank of India
2023-03-16,496.0556640625,SBIN.NS,State Bank of India
2023-03-17,501.06817626953125,SBIN.NS,State Bank of India
2023-03-20,491.0430908203125,SBIN.NS,State Bank of India
2023-03-21,493.54931640625,SBIN.NS,State Bank of India
2023-03-22,493.2655944824219,SBIN.NS,State Bank of India
2023-03-23,484.9428405761719,SBIN.NS,State Bank of India
2023-03-24,477.94415283203125,SBIN.NS,State Bank of India
2023-03-27,482.48382568359375,SBIN.NS,State Bank of India
2023-03-28,480.5450134277344,SBIN.NS,State Bank of India
2023-03-29,488.4894714355469,SBIN.NS,State Bank of India
2023-03-31,495.3462829589844,SBIN.NS,State Bank of India
2023-04-03,498.18359375,SBIN.NS,State Bank of India
2023-04-05,494.636962890625,SBIN.NS,State Bank of India
2023-04-06,499.0348205566406,SBIN.NS,State Bank of India
2023-04-10,497.75799560546875,SBIN.NS,State Bank of India
2023-04-11,503.243408203125,SBIN.NS,State Bank of India
2023-04-12,499.5549621582031,SBIN.NS,State Bank of India
2023-04-13,504.0473937988281,SBIN.NS,State Bank of India
2023-04-17,514.4981079101562,SBIN.NS,State Bank of India
2023-04-18,516.247802734375,SBIN.NS,State Bank of India
2023-04-19,510.998779296875,SBIN.NS,State Bank of India
2023-04-20,515.2547607421875,SBIN.NS,State Bank of India
2023-04-21,513.6942138671875,SBIN.NS,State Bank of India
2023-04-24,524.523193359375,SBIN.NS,State Bank of India
2023-04-25,531.332763671875,SBIN.NS,State Bank of India
2023-04-26,535.6360473632812,SBIN.NS,State Bank of India
2023-04-27,534.122802734375,SBIN.NS,State Bank of India
2023-04-28,546.9379272460938,SBIN.NS,State Bank of India
2023-05-02,544.1006469726562,SBIN.NS,State Bank of India
2023-05-03,539.5609741210938,SBIN.NS,State Bank of India
2023-05-04,548.5457153320312,SBIN.NS,State Bank of India
2023-05-05,545.2355346679688,SBIN.NS,State Bank of India
2023-05-08,551.9505004882812,SBIN.NS,State Bank of India
2023-05-09,542.3982543945312,SBIN.NS,State Bank of India
2023-05-10,541.1687622070312,SBIN.NS,State Bank of India
2023-05-11,542.3510131835938,SBIN.NS,State Bank of India
2023-05-12,546.796142578125,SBIN.NS,State Bank of India
2023-05-15,550.3427734375,SBIN.NS,State Bank of India
2023-05-16,554.5040893554688,SBIN.NS,State Bank of India
2023-05-17,554.5040893554688,SBIN.NS,State Bank of India
2023-05-18,543.0603637695312,SBIN.NS,State Bank of India
2023-05-19,543.9588012695312,SBIN.NS,State Bank of India
2023-05-22,545.850341796875,SBIN.NS,State Bank of India
2023-05-23,550.0589599609375,SBIN.NS,State Bank of India
2023-05-24,551.099365234375,SBIN.NS,State Bank of India
2023-05-25,549.7279663085938,SBIN.NS,State Bank of India
2023-05-26,554.2203979492188,SBIN.NS,State Bank of India
2023-05-29,562.7322387695312,SBIN.NS,State Bank of India
2023-05-30,560.6516723632812,SBIN.NS,State Bank of India
2023-05-31,559.0607299804688,SBIN.NS,State Bank of India
2023-06-01,561.8568115234375,SBIN.NS,State Bank of India
2023-06-02,566.1472778320312,SBIN.NS,State Bank of India
2023-06-05,566.1472778320312,SBIN.NS,State Bank of India
2023-06-06,564.3635864257812,SBIN.NS,State Bank of India
2023-06-07,568.0755615234375,SBIN.NS,State Bank of India
2023-06-08,567.400634765625,SBIN.NS,State Bank of India
2023-06-09,557.9520263671875,SBIN.NS,State Bank of India
2023-06-12,557.9038696289062,SBIN.NS,State Bank of India
2023-06-13,555.7344970703125,SBIN.NS,State Bank of India
2023-06-14,555.8790893554688,SBIN.NS,State Bank of India
2023-06-15,546.189453125,SBIN.NS,State Bank of India
2023-06-16,550.7691040039062,SBIN.NS,State Bank of India
2023-06-19,548.4551391601562,SBIN.NS,State Bank of India
2023-06-20,547.0571899414062,SBIN.NS,State Bank of India
2023-06-21,546.0447387695312,SBIN.NS,State Bank of India
2023-06-22,542.7667236328125,SBIN.NS,State Bank of India
2023-06-23,534.716064453125,SBIN.NS,State Bank of India
2023-06-26,537.0781860351562,SBIN.NS,State Bank of India
2023-06-27,545.8037719726562,SBIN.NS,State Bank of India
2023-06-28,549.37109375,SBIN.NS,State Bank of India
2023-06-30,552.3117065429688,SBIN.NS,State Bank of India
2023-07-03,564.4600219726562,SBIN.NS,State Bank of India
2023-07-04,568.123779296875,SBIN.NS,State Bank of India
2023-07-05,569.4253540039062,SBIN.NS,State Bank of India
2023-07-06,571.2572631835938,SBIN.NS,State Bank of India
2023-07-07,572.3178100585938,SBIN.NS,State Bank of India
2023-07-10,571.3536376953125,SBIN.NS,State Bank of India
2023-07-11,567.4488525390625,SBIN.NS,State Bank of India
2023-07-12,568.123779296875,SBIN.NS,State Bank of India
2023-07-13,564.65283203125,SBIN.NS,State Bank of India
2023-07-14,563.4476928710938,SBIN.NS,State Bank of India
2023-07-17,579.5488891601562,SBIN.NS,State Bank of India
2023-07-18,571.1126098632812,SBIN.NS,State Bank of India
2023-07-19,579.8864135742188,SBIN.NS,State Bank of India
2023-07-20,588.1780395507812,SBIN.NS,State Bank of India
2023-07-21,593.0469360351562,SBIN.NS,State Bank of India
2023-07-24,595.5055541992188,SBIN.NS,State Bank of India
2023-07-25,587.744140625,SBIN.NS,State Bank of India
2023-07-26,593.09521484375,SBIN.NS,State Bank of India
2023-07-27,594.4449462890625,SBIN.NS,State Bank of India
2023-07-28,593.962890625,SBIN.NS,State Bank of India
2023-07-31,597.9641723632812,SBIN.NS,State Bank of India
2023-08-01,589.9134521484375,SBIN.NS,State Bank of India
2023-08-02,576.993896484375,SBIN.NS,State Bank of India
2023-08-03,569.3289794921875,SBIN.NS,State Bank of India
2023-08-04,552.74560546875,SBIN.NS,State Bank of India
2023-08-07,547.539306640625,SBIN.NS,State Bank of India
2023-08-08,552.552734375,SBIN.NS,State Bank of India
2023-08-09,553.1795043945312,SBIN.NS,State Bank of India
2023-08-10,553.0831298828125,SBIN.NS,State Bank of India
2023-08-11,553.565185546875,SBIN.NS,State Bank of India
2023-08-14,540.6937866210938,SBIN.NS,State Bank of India
2023-08-16,545.0806274414062,SBIN.NS,State Bank of India
2023-08-17,551.6368408203125,SBIN.NS,State Bank of India
2023-08-18,552.408203125,SBIN.NS,State Bank of India
2023-08-21,551.2030029296875,SBIN.NS,State Bank of India
2023-08-22,548.11767578125,SBIN.NS,State Bank of India
2023-08-23,556.2166137695312,SBIN.NS,State Bank of India
2023-08-24,556.2647705078125,SBIN.NS,State Bank of India
2023-08-25,549.5157470703125,SBIN.NS,State Bank of India
2023-08-28,552.3117065429688,SBIN.NS,State Bank of India
2023-08-29,554.2400512695312,SBIN.NS,State Bank of India
2023-08-30,547.0571899414062,SBIN.NS,State Bank of India
2023-08-31,541.2240600585938,SBIN.NS,State Bank of India
2023-09-01,549.1300659179688,SBIN.NS,State Bank of India
2023-09-04,554.9149169921875,SBIN.NS,State Bank of India
2023-09-05,552.4563598632812,SBIN.NS,State Bank of India
2023-09-06,550.0460205078125,SBIN.NS,State Bank of India
2023-09-07,558.2894897460938,SBIN.NS,State Bank of India
2023-09-08,562.53173828125,SBIN.NS,State Bank of India
2023-09-11,570.4859008789062,SBIN.NS,State Bank of India
2023-09-12,567.2560424804688,SBIN.NS,State Bank of India
2023-09-13,575.065673828125,SBIN.NS,State Bank of India
2023-09-14,575.8851318359375,SBIN.NS,State Bank of India
2023-09-15,577.3313598632812,SBIN.NS,State Bank of India
2023-09-18,582.2967529296875,SBIN.NS,State Bank of India
2023-09-20,579.5488891601562,SBIN.NS,State Bank of India
2023-09-21,567.063232421875,SBIN.NS,State Bank of India
2023-09-22,576.7047119140625,SBIN.NS,State Bank of India
2023-09-25,572.7516479492188,SBIN.NS,State Bank of India
2023-09-26,573.0891723632812,SBIN.NS,State Bank of India
2023-09-27,568.6058349609375,SBIN.NS,State Bank of India
2023-09-28,568.7987060546875,SBIN.NS,State Bank of India
2023-09-29,577.09033203125,SBIN.NS,State Bank of India
2023-10-03,581.3325805664062,SBIN.NS,State Bank of India
2023-10-04,565.2313232421875,SBIN.NS,State Bank of India
2023-10-05,570.9198608398438,SBIN.NS,State Bank of India
2023-10-06,572.9445190429688,SBIN.NS,State Bank of India
2023-10-09,564.12255859375,SBIN.NS,State Bank of India
2023-10-10,570.437744140625,SBIN.NS,State Bank of India
2023-10-11,567.2560424804688,SBIN.NS,State Bank of India
2023-10-12,565.0385131835938,SBIN.NS,State Bank of India
2023-10-13,555.4934692382812,SBIN.NS,State Bank of India
2023-10-16,555.0113525390625,SBIN.NS,State Bank of India
2023-10-17,555.78271484375,SBIN.NS,State Bank of India
2023-10-18,552.1189575195312,SBIN.NS,State Bank of India
2023-10-19,550.720947265625,SBIN.NS,State Bank of India
2023-10-20,542.9113159179688,SBIN.NS,State Bank of India
2023-10-23,533.125244140625,SBIN.NS,State Bank of India
2023-10-25,536.2587280273438,SBIN.NS,State Bank of India
2023-10-26,527.3885498046875,SBIN.NS,State Bank of India
2023-10-27,541.0313110351562,SBIN.NS,State Bank of India
2023-10-30,544.93603515625,SBIN.NS,State Bank of India
2023-10-31,545.2734985351562,SBIN.NS,State Bank of India
2023-11-01,546.093017578125,SBIN.NS,State Bank of India
2023-11-02,551.588623046875,SBIN.NS,State Bank of India
2023-11-03,557.4217529296875,SBIN.NS,State Bank of India
2023-11-06,553.7579956054688,SBIN.NS,State Bank of India
2023-11-07,558.96435546875,SBIN.NS,State Bank of India
2023-11-08,559.49462890625,SBIN.NS,State Bank of India
2023-11-09,557.6145629882812,SBIN.NS,State Bank of India
2023-11-10,558.7233276367188,SBIN.NS,State Bank of India
2023-11-13,560.5069580078125,SBIN.NS,State Bank of India
2023-11-15,563.7369384765625,SBIN.NS,State Bank of India
2023-11-16,563.688720703125,SBIN.NS,State Bank of India
2023-11-17,542.8630981445312,SBIN.NS,State Bank of India
2023-11-20,543.5380249023438,SBIN.NS,State Bank of India
2023-11-21,541.3687133789062,SBIN.NS,State Bank of India
2023-11-22,538.9100952148438,SBIN.NS,State Bank of India
2023-11-23,539.874267578125,SBIN.NS,State Bank of India
2023-11-24,540.2598876953125,SBIN.NS,State Bank of India
2023-11-28,544.2129516601562,SBIN.NS,State Bank of India
2023-11-29,548.214111328125,SBIN.NS,State Bank of India
2023-11-30,544.502197265625,SBIN.NS,State Bank of India
2023-12-01,551.2511596679688,SBIN.NS,State Bank of India
2023-12-04,573.37841796875,SBIN.NS,State Bank of India
2023-12-05,586.4425659179688,SBIN.NS,State Bank of India
2023-12-06,586.6354370117188,SBIN.NS,State Bank of India
2023-12-07,589.7689208984375,SBIN.NS,State Bank of India
2023-12-08,592.131103515625,SBIN.NS,State Bank of India
2023-12-11,592.2274780273438,SBIN.NS,State Bank of India
2023-12-12,590.44384765625,SBIN.NS,State Bank of India
2023-12-13,597.6266479492188,SBIN.NS,State Bank of India
2023-12-14,601.2904663085938,SBIN.NS,State Bank of India
2023-12-15,625.0084228515625,SBIN.NS,State Bank of India
2023-12-18,625.24951171875,SBIN.NS,State Bank of India
2023-12-19,631.9021606445312,SBIN.NS,State Bank of India
2023-12-20,613.6315307617188,SBIN.NS,State Bank of India
2023-12-21,620.6697998046875,SBIN.NS,State Bank of India
2023-12-22,613.9207763671875,SBIN.NS,State Bank of India
2023-12-26,615.1741333007812,SBIN.NS,State Bank of India
2023-12-27,625.2976684570312,SBIN.NS,State Bank of India
2023-12-28,628.0455322265625,SBIN.NS,State Bank of India
2023-12-29,619.03076171875,SBIN.NS,State Bank of India
2024-01-01,618.3558349609375,SBIN.NS,State Bank of India
2024-01-02,616.5239868164062,SBIN.NS,State Bank of India
2024-01-03,620.3805541992188,SBIN.NS,State Bank of India
2024-01-04,619.7056274414062,SBIN.NS,State Bank of India
2024-01-05,618.9343872070312,SBIN.NS,State Bank of India
2024-01-08,604.5203247070312,SBIN.NS,State Bank of India
2024-01-09,602.9777221679688,SBIN.NS,State Bank of India
2024-01-10,599.4585571289062,SBIN.NS,State Bank of India
2024-01-11,597.9641723632812,SBIN.NS,State Bank of India
2024-01-12,610.8836669921875,SBIN.NS,State Bank of India
2024-01-15,617.150634765625,SBIN.NS,State Bank of India
2024-01-16,614.0654296875,SBIN.NS,State Bank of India
2024-01-17,603.5562133789062,SBIN.NS,State Bank of India
2024-01-18,605.773681640625,SBIN.NS,State Bank of India
2024-01-19,605.2434692382812,SBIN.NS,State Bank of India
2024-01-23,583.4054565429688,SBIN.NS,State Bank of India
2024-01-24,596.1322021484375,SBIN.NS,State Bank of India
2024-01-25,590.78125,SBIN.NS,State Bank of India
2024-01-29,600.6155395507812,SBIN.NS,State Bank of India
2024-01-30,604.279296875,SBIN.NS,State Bank of India
2024-01-31,617.5363159179688,SBIN.NS,State Bank of India
2024-02-01,624.4299926757812,SBIN.NS,State Bank of India
2024-02-02,626.3582763671875,SBIN.NS,State Bank of India
2024-02-05,619.8984985351562,SBIN.NS,State Bank of India
2024-02-06,626.936767578125,SBIN.NS,State Bank of India
2024-02-07,651.0404052734375,SBIN.NS,State Bank of India
2024-02-08,674.46923828125,SBIN.NS,State Bank of India
2024-02-09,699.247802734375,SBIN.NS,State Bank of India
2024-02-12,682.5198364257812,SBIN.NS,State Bank of India
2024-02-13,687.8709106445312,SBIN.NS,State Bank of India
2024-02-14,716.7470703125,SBIN.NS,State Bank of India
2024-02-15,734.3909301757812,SBIN.NS,State Bank of India
2024-02-16,727.6419677734375,SBIN.NS,State Bank of India
2024-02-19,732.02880859375,SBIN.NS,State Bank of India
2024-02-20,732.8483276367188,SBIN.NS,State Bank of India
2024-02-21,743.839599609375,SBIN.NS,State Bank of India
2024-02-22,738.4403686523438,SBIN.NS,State Bank of India
2024-02-23,731.8359375,SBIN.NS,State Bank of India
2024-02-26,731.69140625,SBIN.NS,State Bank of India
2024-02-27,722.9658203125,SBIN.NS,State Bank of India
2024-02-28,715.8793334960938,SBIN.NS,State Bank of India
2024-02-29,721.2785034179688,SBIN.NS,State Bank of India
2024-03-01,741.5738525390625,SBIN.NS,State Bank of India
2024-03-04,744.369873046875,SBIN.NS,State Bank of India
2024-03-05,755.84326171875,SBIN.NS,State Bank of India
2024-03-06,755.7950439453125,SBIN.NS,State Bank of India
2024-03-07,759.7962036132812,SBIN.NS,State Bank of India
2024-03-11,745.9607543945312,SBIN.NS,State Bank of India
2024-03-12,732.4627075195312,SBIN.NS,State Bank of India
2024-03-13,720.4590454101562,SBIN.NS,State Bank of India
2024-03-14,714.4813232421875,SBIN.NS,State Bank of India
2024-03-15,705.659423828125,SBIN.NS,State Bank of India
2024-03-18,704.7434692382812,SBIN.NS,State Bank of India
2024-03-19,697.8497924804688,SBIN.NS,State Bank of India
2024-03-20,709.8534545898438,SBIN.NS,State Bank of India
2024-03-21,717.61474609375,SBIN.NS,State Bank of India
2024-03-22,719.9287719726562,SBIN.NS,State Bank of India
2024-03-26,713.5172119140625,SBIN.NS,State Bank of India
2024-03-27,707.0092163085938,SBIN.NS,State Bank of India
2024-03-28,725.3761596679688,SBIN.NS,State Bank of India
2024-04-01,731.1128540039062,SBIN.NS,State Bank of India
2024-04-02,738.9224853515625,SBIN.NS,State Bank of India
2024-04-03,743.40576171875,SBIN.NS,State Bank of India
2024-04-04,732.0770263671875,SBIN.NS,State Bank of India
2024-04-05,737.3316040039062,SBIN.NS,State Bank of India
2024-04-08,740.7543334960938,SBIN.NS,State Bank of India
2024-04-09,736.8013305664062,SBIN.NS,State Bank of India
2024-04-10,751.118896484375,SBIN.NS,State Bank of India
2024-04-12,738.8259887695312,SBIN.NS,State Bank of India
2024-04-15,730.341552734375,SBIN.NS,State Bank of India
2024-04-16,724.74951171875,SBIN.NS,State Bank of India
2024-04-18,718.0968627929688,SBIN.NS,State Bank of India
2024-04-19,723.5443115234375,SBIN.NS,State Bank of India
2024-04-22,738.6331787109375,SBIN.NS,State Bank of India
2024-04-23,745.2858276367188,SBIN.NS,State Bank of India
2024-04-24,745.3822021484375,SBIN.NS,State Bank of India
2024-04-25,783.5625,SBIN.NS,State Bank of India
2024-04-26,772.5712280273438,SBIN.NS,State Bank of India
2024-04-29,796.8677368164062,SBIN.NS,State Bank of India
2024-04-30,796.626708984375,SBIN.NS,State Bank of India
2024-05-02,800.2904663085938,SBIN.NS,State Bank of India
2024-05-03,801.6401977539062,SBIN.NS,State Bank of India
2024-05-06,778.838134765625,SBIN.NS,State Bank of India
2024-05-07,773.149658203125,SBIN.NS,State Bank of India
2024-05-08,781.7305297851562,SBIN.NS,State Bank of India
2024-05-09,790.4078979492188,SBIN.NS,State Bank of India
2024-05-10,788.0457763671875,SBIN.NS,State Bank of India
2024-05-13,779.8023071289062,SBIN.NS,State Bank of India
2024-05-14,788.8652954101562,SBIN.NS,State Bank of India
2024-05-15,790.8899536132812,SBIN.NS,State Bank of India
2024-05-16,782.8394165039062,SBIN.NS,State Bank of India
2024-05-17,788.5277709960938,SBIN.NS,State Bank of India
2024-05-21,800.8689575195312,SBIN.NS,State Bank of India
2024-05-22,802.6334838867188,SBIN.NS,State Bank of India
2024-05-23,815.7206420898438,SBIN.NS,State Bank of India
2024-05-24,812.28955078125,SBIN.NS,State Bank of India
2024-05-27,817.2891845703125,SBIN.NS,State Bank of India
2024-05-28,814.7894287109375,SBIN.NS,State Bank of India
2024-05-29,806.4567260742188,SBIN.NS,State Bank of India
2024-05-30,809.5936889648438,SBIN.NS,State Bank of India
2024-05-31,814.005126953125,SBIN.NS,State Bank of India
2024-06-03,887.8229370117188,SBIN.NS,State Bank of India
2024-06-04,759.9407348632812,SBIN.NS,State Bank of India
2024-06-05,774.2042846679688,SBIN.NS,State Bank of India
2024-06-06,800.868896484375,SBIN.NS,State Bank of India
2024-06-07,813.613037109375,SBIN.NS,State Bank of India
2024-06-10,815.4265747070312,SBIN.NS,State Bank of India
2024-06-11,819.102783203125,SBIN.NS,State Bank of India
2024-06-12,822.5828857421875,SBIN.NS,State Bank of India
2024-06-13,827.2884521484375,SBIN.NS,State Bank of India
2024-06-14,822.680908203125,SBIN.NS,State Bank of India
2024-06-18,828.2687377929688,SBIN.NS,State Bank of India
2024-06-19,835.817138671875,SBIN.NS,State Bank of India
2024-06-20,827.141357421875,SBIN.NS,State Bank of India
2024-06-21,819.8380126953125,SBIN.NS,State Bank of India
2024-06-24,816.3088989257812,SBIN.NS,State Bank of India
2024-06-25,825.6708984375,SBIN.NS,State Bank of India
2024-06-26,828.7098388671875,SBIN.NS,State Bank of India
2024-06-27,827.3864135742188,SBIN.NS,State Bank of India
2024-06-28,832.239013671875,SBIN.NS,State Bank of India
2024-07-01,825.3768310546875,SBIN.NS,State Bank of India
2024-07-02,809.8878173828125,SBIN.NS,State Bank of India
2024-07-03,823.4161987304688,SBIN.NS,State Bank of India
2024-07-04,822.7789306640625,SBIN.NS,State Bank of India
2024-07-05,842.826416015625,SBIN.NS,State Bank of India
2024-07-08,839.3953247070312,SBIN.NS,State Bank of India
2024-07-09,844.3458862304688,SBIN.NS,State Bank of India
2024-07-10,832.2880249023438,SBIN.NS,State Bank of India
2024-07-11,839.8364868164062,SBIN.NS,State Bank of India
2024-07-12,842.7774047851562,SBIN.NS,State Bank of India
2024-07-15,864.001220703125,SBIN.NS,State Bank of India
2024-07-16,863.364013671875,SBIN.NS,State Bank of India
2024-07-18,875.9610595703125,SBIN.NS,State Bank of India
2024-07-19,871.84375,SBIN.NS,State Bank of India
2024-07-22,859.540771484375,SBIN.NS,State Bank of India
2024-07-23,846.8947143554688,SBIN.NS,State Bank of India
2024-07-24,835.2289428710938,SBIN.NS,State Bank of India
2024-07-25,831.7978515625,SBIN.NS,State Bank of India
2024-07-26,845.4732666015625,SBIN.NS,State Bank of India
2024-07-29,854.443115234375,SBIN.NS,State Bank of India
2024-07-30,855.6195068359375,SBIN.NS,State Bank of India
2024-07-31,855.2274169921875,SBIN.NS,State Bank of India
2024-08-01,845.6693725585938,SBIN.NS,State Bank of India
2024-08-02,831.16064453125,SBIN.NS,State Bank of India
2024-08-05,795.6732788085938,SBIN.NS,State Bank of India
2024-08-06,781.9978637695312,SBIN.NS,State Bank of India
2024-08-07,792.7322998046875,SBIN.NS,State Bank of India
2024-08-08,792.1441040039062,SBIN.NS,State Bank of India
2024-08-09,808.07421875,SBIN.NS,State Bank of India
2024-08-12,796.6044921875,SBIN.NS,State Bank of India
2024-08-13,781.8507690429688,SBIN.NS,State Bank of India
2024-08-14,787.1934814453125,SBIN.NS,State Bank of India
2024-08-16,796.1143188476562,SBIN.NS,State Bank of India
2024-08-19,797.682861328125,SBIN.NS,State Bank of India
2024-08-20,804.1529541015625,SBIN.NS,State Bank of India
2024-08-21,799.4964599609375,SBIN.NS,State Bank of India
2024-08-22,804.1529541015625,SBIN.NS,State Bank of India
2024-08-23,799.3003540039062,SBIN.NS,State Bank of India
2024-08-26,799.0062866210938,SBIN.NS,State Bank of India
2024-08-27,799.839599609375,SBIN.NS,State Bank of India
2024-08-28,793.467529296875,SBIN.NS,State Bank of India
2024-08-29,798.4671020507812,SBIN.NS,State Bank of India
2024-08-30,799.5454711914062,SBIN.NS,State Bank of India
2024-09-02,805.966552734375,SBIN.NS,State Bank of India
2024-09-03,808.5643920898438,SBIN.NS,State Bank of India
2024-09-04,800.427734375,SBIN.NS,State Bank of India
2024-09-05,802.6334838867188,SBIN.NS,State Bank of India
2024-09-06,767.0970458984375,SBIN.NS,State Bank of India
2024-09-09,768.8125610351562,SBIN.NS,State Bank of India
2024-09-10,767.2440795898438,SBIN.NS,State Bank of India
2024-09-11,753.4706420898438,SBIN.NS,State Bank of India
2024-09-12,772.24365234375,SBIN.NS,State Bank of India
2024-09-13,775.2826538085938,SBIN.NS,State Bank of India
2024-09-16,770.0869750976562,SBIN.NS,State Bank of India
2024-09-17,767.4891967773438,SBIN.NS,State Bank of India
2024-09-18,777.145263671875,SBIN.NS,State Bank of India
2024-09-19,774.400390625,SBIN.NS,State Bank of India
2024-09-20,766.3128051757812,SBIN.NS,State Bank of India
2024-09-23,786.0661010742188,SBIN.NS,State Bank of India
2024-09-24,782.5369873046875,SBIN.NS,State Bank of India
2024-09-25,777.4883422851562,SBIN.NS,State Bank of India
2024-09-26,786.0661010742188,SBIN.NS,State Bank of India
2024-09-27,786.8504028320312,SBIN.NS,State Bank of India
2024-09-30,772.3907470703125,SBIN.NS,State Bank of India
2024-10-01,781.2625732421875,SBIN.NS,State Bank of India
2024-10-03,778.4686889648438,SBIN.NS,State Bank of India
2024-10-04,780.968505859375,SBIN.NS,State Bank of India
2024-10-07,755.4802856445312,SBIN.NS,State Bank of India
2024-10-08,766.0676879882812,SBIN.NS,State Bank of India
2024-10-09,781.7037353515625,SBIN.NS,State Bank of India
2024-10-10,781.4096069335938,SBIN.NS,State Bank of India
2024-10-11,784.0074462890625,SBIN.NS,State Bank of India
2024-10-14,789.3012084960938,SBIN.NS,State Bank of India
2024-10-15,788.81103515625,SBIN.NS,State Bank of India
2024-10-16,789.5952758789062,SBIN.NS,State Bank of India
2024-10-17,795.0850219726562,SBIN.NS,State Bank of India
2024-10-18,804.2510375976562,SBIN.NS,State Bank of India
2024-10-21,797.927978515625,SBIN.NS,State Bank of India
2024-10-22,774.841552734375,SBIN.NS,State Bank of India
2024-10-23,770.5281372070312,SBIN.NS,State Bank of India
2024-10-24,778.9097900390625,SBIN.NS,State Bank of India
2024-10-25,765.5775756835938,SBIN.NS,State Bank of India
2024-10-28,776.4590454101562,SBIN.NS,State Bank of India
2024-10-29,816.3088989257812,SBIN.NS,State Bank of India
2024-10-30,806.2606201171875,SBIN.NS,State Bank of India
2024-10-31,804.054931640625,SBIN.NS,State Bank of India
2024-11-01,805.0352783203125,SBIN.NS,State Bank of India
2024-11-04,813.5149536132812,SBIN.NS,State Bank of India
2024-11-05,832.4840698242188,SBIN.NS,State Bank of India
2024-11-06,837.9738159179688,SBIN.NS,State Bank of India
2024-11-07,842.6793212890625,SBIN.NS,State Bank of India
2024-11-08,826.55322265625,SBIN.NS,State Bank of India
2024-11-11,830.964599609375,SBIN.NS,State Bank of India
2024-11-12,810.427001953125,SBIN.NS,State Bank of India
2024-11-13,792.7322998046875,SBIN.NS,State Bank of India
2024-11-14,788.4188842773438,SBIN.NS,State Bank of India
2024-11-18,798.2710571289062,SBIN.NS,State Bank of India
2024-11-19,787.1934814453125,SBIN.NS,State Bank of India
2024-11-21,765.3814697265625,SBIN.NS,State Bank of India
2024-11-22,799.9866333007812,SBIN.NS,State Bank of India
2024-11-25,827.8275756835938,SBIN.NS,State Bank of India
2024-11-26,822.8770141601562,SBIN.NS,State Bank of India
2024-11-27,817.6812744140625,SBIN.NS,State Bank of India
2024-11-28,822.3377685546875,SBIN.NS,State Bank of India
2024-11-29,822.4358520507812,SBIN.NS,State Bank of India
2024-12-02,819.93603515625,SBIN.NS,State Bank of India
2024-12-03,837.1405639648438,SBIN.NS,State Bank of India
2024-12-04,842.7774047851562,SBIN.NS,State Bank of India
2024-12-05,848.4142456054688,SBIN.NS,State Bank of India
2024-12-06,846.649658203125,SBIN.NS,State Bank of India
2024-12-09,841.1598510742188,SBIN.NS,State Bank of India
2024-12-10,850.423828125,SBIN.NS,State Bank of India
2024-12-11,844.6399536132812,SBIN.NS,State Bank of India
2024-12-12,836.8955078125,SBIN.NS,State Bank of India
2024-12-13,844.5909423828125,SBIN.NS,State Bank of India
2024-12-16,844.0028076171875,SBIN.NS,State Bank of India
2024-12-17,833.8074951171875,SBIN.NS,State Bank of India
2024-12-18,821.651611328125,SBIN.NS,State Bank of India
2024-12-19,816.4068603515625,SBIN.NS,State Bank of India
2024-12-20,796.016357421875,SBIN.NS,State Bank of India
2024-12-23,804.9862670898438,SBIN.NS,State Bank of India
2024-12-24,796.0653686523438,SBIN.NS,State Bank of India
2024-12-26,796.45751953125,SBIN.NS,State Bank of India
2024-12-27,783.9094848632812,SBIN.NS,State Bank of India
2024-12-30,772.7828369140625,SBIN.NS,State Bank of India
2024-12-31,779.3019409179688,SBIN.NS,State Bank of India
2025-01-01,777.58642578125,SBIN.NS,State Bank of India
2025-01-02,785.428955078125,SBIN.NS,State Bank of India
2025-01-03,777.782470703125,SBIN.NS,State Bank of India
2025-01-06,761.1171264648438,SBIN.NS,State Bank of India
2025-01-07,763.4208374023438,SBIN.NS,State Bank of India
2025-01-08,755.970458984375,SBIN.NS,State Bank of India
2025-01-09,745.4810791015625,SBIN.NS,State Bank of India
2025-01-10,728.61962890625,SBIN.NS,State Bank of India
2025-01-13,715.1403198242188,SBIN.NS,State Bank of India
2025-01-14,733.4232177734375,SBIN.NS,State Bank of India
2025-01-15,738.8639526367188,SBIN.NS,State Bank of India
2025-01-16,751.2158813476562,SBIN.NS,State Bank of India
2025-01-17,749.0592041015625,SBIN.NS,State Bank of India
2025-01-20,763.9110107421875,SBIN.NS,State Bank of India
2025-01-21,744.1085815429688,SBIN.NS,State Bank of India
2025-01-22,738.6188354492188,SBIN.NS,State Bank of India
2025-01-23,731.2174682617188,SBIN.NS,State Bank of India
2025-01-24,729.501953125,SBIN.NS,State Bank of India
2025-01-27,734.4525146484375,SBIN.NS,State Bank of India
2025-01-28,737.5895385742188,SBIN.NS,State Bank of India
2025-01-29,743.5204467773438,SBIN.NS,State Bank of India
2025-01-30,747.5887451171875,SBIN.NS,State Bank of India
2025-01-31,757.68603515625,SBIN.NS,State Bank of India
2025-02-01,750.9218139648438,SBIN.NS,State Bank of India
2025-02-03,745.9712524414062,SBIN.NS,State Bank of India
2025-02-04,763.8619995117188,SBIN.NS,State Bank of India
2025-02-05,750.9708251953125,SBIN.NS,State Bank of India
2025-02-06,737.4424438476562,SBIN.NS,State Bank of India
2025-02-07,722.688720703125,SBIN.NS,State Bank of India
2025-02-10,722.2965698242188,SBIN.NS,State Bank of India
2025-02-11,716.7088012695312,SBIN.NS,State Bank of India
2025-02-12,718.7184448242188,SBIN.NS,State Bank of India
2025-02-13,713.3267211914062,SBIN.NS,State Bank of India
2025-02-14,707.9349975585938,SBIN.NS,State Bank of India
2025-02-17,713.375732421875,SBIN.NS,State Bank of India
2025-02-18,711.5131225585938,SBIN.NS,State Bank of India
2025-02-19,712.9835815429688,SBIN.NS,State Bank of India
2025-02-20,715.3363647460938,SBIN.NS,State Bank of India
2025-02-21,707.7879028320312,SBIN.NS,State Bank of India
2025-02-24,702.2981567382812,SBIN.NS,State Bank of India
2025-02-25,696.9064331054688,SBIN.NS,State Bank of India
2025-02-27,690.0442504882812,SBIN.NS,State Bank of India
2025-02-28,675.241455078125,SBIN.NS,State Bank of India
2025-03-03,681.6134643554688,SBIN.NS,State Bank of India
2025-03-04,701.9550170898438,SBIN.NS,State Bank of India
2025-03-05,715.9735107421875,SBIN.NS,State Bank of India
2025-03-06,717.6400756835938,SBIN.NS,State Bank of India
2025-03-07,718.3262939453125,SBIN.NS,State Bank of India
2025-03-10,714.5521240234375,SBIN.NS,State Bank of India
2025-03-11,715.4833984375,SBIN.NS,State Bank of India
2025-03-12,708.8172607421875,SBIN.NS,State Bank of India
2025-03-13,713.5227661132812,SBIN.NS,State Bank of India
2025-03-17,708.915283203125,SBIN.NS,State Bank of India
2025-03-18,708.915283203125,SBIN.NS,State Bank of India
2025-03-19,730.4331665039062,SBIN.NS,State Bank of India
2025-03-20,734.7955932617188,SBIN.NS,State Bank of India
2025-03-21,738.373779296875,SBIN.NS,State Bank of India
2025-03-24,765.4304809570312,SBIN.NS,State Bank of India
2025-03-25,757.636962890625,SBIN.NS,State Bank of India
2025-03-26,748.961181640625,SBIN.NS,State Bank of India
2025-03-27,757.0977783203125,SBIN.NS,State Bank of India
2025-03-28,756.3135375976562,SBIN.NS,State Bank of India
2025-04-01,756.5096435546875,SBIN.NS,State Bank of India
2025-04-02,760.6759643554688,SBIN.NS,State Bank of India
2025-04-03,763.8619995117188,SBIN.NS,State Bank of India
2025-04-04,752.34326171875,SBIN.NS,State Bank of India
2025-04-07,732.1978149414062,SBIN.NS,State Bank of India
2025-04-08,753.4706420898438,SBIN.NS,State Bank of India
2025-04-09,727.59033203125,SBIN.NS,State Bank of India
2025-04-11,739.0109252929688,SBIN.NS,State Bank of India
2025-04-15,748.4710083007812,SBIN.NS,State Bank of India
2025-04-16,756.5586547851562,SBIN.NS,State Bank of India
2025-04-17,781.7527465820312,SBIN.NS,State Bank of India
2025-04-21,800.6238403320312,SBIN.NS,State Bank of India
2025-04-22,806.211669921875,SBIN.NS,State Bank of India
2025-04-23,797.4378051757812,SBIN.NS,State Bank of India
2025-04-24,797.3887939453125,SBIN.NS,State Bank of India
2025-04-25,782.9291381835938,SBIN.NS,State Bank of India
2025-04-28,801.260986328125,SBIN.NS,State Bank of India
2025-04-29,796.5554809570312,SBIN.NS,State Bank of India
2025-04-30,773.1259765625,SBIN.NS,State Bank of India
2025-05-02,781.0175170898438,SBIN.NS,State Bank of India
2025-05-05,774.4494018554688,SBIN.NS,State Bank of India
2025-05-06,758.8623657226562,SBIN.NS,State Bank of India
2025-05-07,760.822998046875,SBIN.NS,State Bank of India
2025-05-08,753.8627319335938,SBIN.NS,State Bank of India
2025-05-09,763.9110107421875,SBIN.NS,State Bank of India
2025-05-12,785.8701171875,SBIN.NS,State Bank of India
2025-05-13,785.9680786132812,SBIN.NS,State Bank of India
2025-05-14,784.9387817382812,SBIN.NS,State Bank of India
2025-05-15,791.8499755859375,SBIN.NS,State Bank of India
2025-05-16,792.0999755859375,SBIN.NS,State Bank of India
2025-05-19,795.0,SBIN.NS,State Bank of India
2025-05-20,785.6500244140625,SBIN.NS,State Bank of India
2025-05-21,787.0999755859375,SBIN.NS,State Bank of India
2025-05-22,785.25,SBIN.NS,State Bank of India
2025-05-23,790.5,SBIN.NS,State Bank of India
2025-05-26,794.4000244140625,SBIN.NS,State Bank of India
2025-05-27,793.7000122070312,SBIN.NS,State Bank of India
2025-05-28,796.5499877929688,SBIN.NS,State Bank of India
2025-05-29,797.3499755859375,SBIN.NS,State Bank of India
2025-05-30,812.2999877929688,SBIN.NS,State Bank of India
2025-06-02,813.6500244140625,SBIN.NS,State Bank of India
2025-06-03,809.7999877929688,SBIN.NS,State Bank of India
2025-06-04,806.5,SBIN.NS,State Bank of India
2025-06-05,806.0,SBIN.NS,State Bank of India
2025-06-06,813.0499877929688,SBIN.NS,State Bank of India
2025-06-09,820.0499877929688,SBIN.NS,State Bank of India
2025-06-10,817.0499877929688,SBIN.NS,State Bank of India
2025-06-11,815.0499877929688,SBIN.NS,State Bank of India
2025-06-12,805.9500122070312,SBIN.NS,State Bank of India
2025-06-13,792.3499755859375,SBIN.NS,State Bank of India
2025-06-16,792.5,SBIN.NS,State Bank of India
2025-06-17,792.2999877929688,SBIN.NS,State Bank of India
2025-06-18,791.9000244140625,SBIN.NS,State Bank of India
2025-06-19,785.0999755859375,SBIN.NS,State Bank of India
2025-06-20,796.1500244140625,SBIN.NS,State Bank of India
2025-06-23,790.2000122070312,SBIN.NS,State Bank of India
2025-06-24,795.4000244140625,SBIN.NS,State Bank of India
2025-06-25,800.0499877929688,SBIN.NS,State Bank of India
2025-06-26,797.0499877929688,SBIN.NS,State Bank of India
2025-06-27,805.4000244140625,SBIN.NS,State Bank of India
2025-06-30,820.3499755859375,SBIN.NS,State Bank of India
2025-07-01,820.2999877929688,SBIN.NS,State Bank of India
2025-07-02,812.9000244140625,SBIN.NS,State Bank of India
2025-07-03,807.0999755859375,SBIN.NS,State Bank of India
2025-07-04,811.8499755859375,SBIN.NS,State Bank of India
2025-07-07,806.8499755859375,SBIN.NS,State Bank of India
2025-07-08,812.6500244140625,SBIN.NS,State Bank of India
2025-07-09,810.9500122070312,SBIN.NS,State Bank of India
2025-07-10,808.0,SBIN.NS,State Bank of India
2025-07-11,808.6500244140625,SBIN.NS,State Bank of India
2025-07-14,808.8499755859375,SBIN.NS,State Bank of India
2025-07-15,816.4500122070312,SBIN.NS,State Bank of India
2025-07-16,831.7000122070312,SBIN.NS,State Bank of India
2025-07-17,829.0,SBIN.NS,State Bank of India
2025-07-18,823.3499755859375,SBIN.NS,State Bank of India
2025-07-21,824.2000122070312,SBIN.NS,State Bank of India
2025-07-22,815.0,SBIN.NS,State Bank of India
2025-07-23,820.6500244140625,SBIN.NS,State Bank of India
2025-07-24,815.7000122070312,SBIN.NS,State Bank of India
2025-07-25,806.5499877929688,SBIN.NS,State Bank of India
2025-07-28,797.1500244140625,SBIN.NS,State Bank of India
2025-07-29,799.2000122070312,SBIN.NS,State Bank of India
2025-07-30,801.6500244140625,SBIN.NS,State Bank of India
2025-07-31,796.5499877929688,SBIN.NS,State Bank of India
2025-08-01,794.0,SBIN.NS,State Bank of India
2025-08-04,795.7000122070312,SBIN.NS,State Bank of India
2025-08-05,800.5999755859375,SBIN.NS,State Bank of India
2025-08-06,805.1500244140625,SBIN.NS,State Bank of India
2025-08-07,805.1500244140625,SBIN.NS,State Bank of India
2025-08-08,804.2999877929688,SBIN.NS,State Bank of India
2025-08-11,823.4500122070312,SBIN.NS,State Bank of India
2025-08-12,820.5999755859375,SBIN.NS,State Bank of India
2025-08-13,821.8499755859375,SBIN.NS,State Bank of India
2025-08-14,826.5499877929688,SBIN.NS,State Bank of India
2025-08-18,827.6500244140625,SBIN.NS,State Bank of India
2025-08-19,830.4000244140625,SBIN.NS,State Bank of India
2025-08-20,828.9500122070312,SBIN.NS,State Bank of India
2025-08-21,825.7000122070312,SBIN.NS,State Bank of India
2025-08-22,816.25,SBIN.NS,State Bank of India
2025-08-25,816.4500122070312,SBIN.NS,State Bank of India
2025-08-26,807.8499755859375,SBIN.NS,State Bank of India
2025-08-28,801.9500122070312,SBIN.NS,State Bank of India
2025-08-29,802.5,SBIN.NS,State Bank of India
2025-09-01,806.0499877929688,SBIN.NS,State Bank of India
2025-09-02,803.9000244140625,SBIN.NS,State Bank of India
2025-09-03,812.1500244140625,SBIN.NS,State Bank of India
2025-09-04,809.4000244140625,SBIN.NS,State Bank of India
2025-09-05,806.5999755859375,SBIN.NS,State Bank of India
2025-09-08,808.7999877929688,SBIN.NS,State Bank of India
2025-09-09,808.8499755859375,SBIN.NS,State Bank of India
2025-09-10,818.2000122070312,SBIN.NS,State Bank of India
2025-09-11,823.6500244140625,SBIN.NS,State Bank of India
2025-09-12,823.5499877929688,SBIN.NS,State Bank of India
2025-09-15,824.75,SBIN.NS,State Bank of India
2025-09-16,831.5499877929688,SBIN.NS,State Bank of India
2025-09-17,857.1500244140625,SBIN.NS,State Bank of India
2025-09-18,854.3499755859375,SBIN.NS,State Bank of India
2025-09-19,862.3499755859375,SBIN.NS,State Bank of India
2025-09-22,855.25,SBIN.NS,State Bank of India
2025-09-23,870.5999755859375,SBIN.NS,State Bank of India
2025-09-24,866.2000122070312,SBIN.NS,State Bank of India
2025-09-25,861.1500244140625,SBIN.NS,State Bank of India
2025-09-26,856.9500122070312,SBIN.NS,State Bank of India
2025-09-29,870.75,SBIN.NS,State Bank of India
2025-09-30,872.4500122070312,SBIN.NS,State Bank of India
2025-10-01,864.0999755859375,SBIN.NS,State Bank of India
2025-10-03,867.2999877929688,SBIN.NS,State Bank of India
2025-10-06,874.0499877929688,SBIN.NS,State Bank of India
2025-10-07,864.7000122070312,SBIN.NS,State Bank of India
2025-10-08,858.25,SBIN.NS,State Bank of India
2025-10-09,862.0999755859375,SBIN.NS,State Bank of India
2025-10-10,880.6500244140625,SBIN.NS,State Bank of India
2025-10-13,882.9500122070312,SBIN.NS,State Bank of India
2025-10-14,876.9500122070312,SBIN.NS,State Bank of India
2025-10-15,886.0999755859375,SBIN.NS,State Bank of India
2025-10-16,886.9500122070312,SBIN.NS,State Bank of India
2025-10-17,889.1500244140625,SBIN.NS,State Bank of India
2025-10-20,907.5,SBIN.NS,State Bank of India
2025-10-21,907.8499755859375,SBIN.NS,State Bank of India
2025-10-23,911.5499877929688,SBIN.NS,State Bank of India
2025-10-24,904.5,SBIN.NS,State Bank of India
2025-10-27,922.75,SBIN.NS,State Bank of India
2025-10-28,930.25,SBIN.NS,State Bank of India
2025-10-29,939.75,SBIN.NS,State Bank of India
2025-10-30,934.3499755859375,SBIN.NS,State Bank of India
2025-10-31,937.0,SBIN.NS,State Bank of India
2025-11-03,949.7000122070312,SBIN.NS,State Bank of India
2025-11-04,957.5999755859375,SBIN.NS,State Bank of India
2025-11-06,960.75,SBIN.NS,State Bank of India
2025-11-07,955.8499755859375,SBIN.NS,State Bank of India
2025-11-10,951.1500244140625,SBIN.NS,State Bank of India
2025-11-11,953.2999877929688,SBIN.NS,State Bank of India
2025-11-12,957.1500244140625,SBIN.NS,State Bank of India
2025-11-13,954.0,SBIN.NS,State Bank of India
2025-11-14,967.8499755859375,SBIN.NS,State Bank of India
2025-11-17,973.3499755859375,SBIN.NS,State Bank of India
2025-11-18,972.4500122070312,SBIN.NS,State Bank of India
2025-11-19,982.75,SBIN.NS,State Bank of India
2025-11-20,981.5499877929688,SBIN.NS,State Bank of India
2025-11-21,972.5999755859375,SBIN.NS,State Bank of India
2025-11-24,970.5999755859375,SBIN.NS,State Bank of India
2025-11-25,983.5999755859375,SBIN.NS,State Bank of India
2025-11-26,983.9000244140625,SBIN.NS,State Bank of India
2025-11-27,972.8499755859375,SBIN.NS,State Bank of India
2025-11-28,979.0,SBIN.NS,State Bank of India
2025-12-01,973.0999755859375,SBIN.NS,State Bank of India
2025-12-02,967.2999877929688,SBIN.NS,State Bank of India
2025-12-03,951.0499877929688,SBIN.NS,State Bank of India
2025-12-04,948.0999755859375,SBIN.NS,State Bank of India
2025-12-05,971.5,SBIN.NS,State Bank of India
2025-12-08,956.4000244140625,SBIN.NS,State Bank of India
2025-12-09,959.3499755859375,SBIN.NS,State Bank of India
2025-12-10,959.75,SBIN.NS,State Bank of India
2025-12-11,963.25,SBIN.NS,State Bank of India
2025-12-12,963.1500244140625,SBIN.NS,State Bank of India
2025-12-15,967.25,SBIN.NS,State Bank of India
2025-12-16,961.1500244140625,SBIN.NS,State Bank of India
2025-12-17,975.8499755859375,SBIN.NS,State Bank of India
2025-12-18,977.5499877929688,SBIN.NS,State Bank of India
2025-12-19,980.2999877929688,SBIN.NS,State Bank of India
2025-12-22,974.2999877929688,SBIN.NS,State Bank of India
2025-12-23,971.9000244140625,SBIN.NS,State Bank of India
2025-12-24,968.9500122070312,SBIN.NS,State Bank of India
2025-12-26,966.2999877929688,SBIN.NS,State Bank of India
2025-12-29,965.0499877929688,SBIN.NS,State Bank of India
2025-12-30,973.4500122070312,SBIN.NS,State Bank of India
2025-12-31,982.2000122070312,SBIN.NS,State Bank of India
2026-01-01,984.75,SBIN.NS,State Bank of India
2026-01-02,998.9500122070312,SBIN.NS,State Bank of India
2026-01-05,1005.5499877929688,SBIN.NS,State Bank of India
2026-01-06,1018.9000244140625,SBIN.NS,State Bank of India
2026-01-07,1007.1500244140625,SBIN.NS,State Bank of India
2026-01-08,998.0,SBIN.NS,State Bank of India
2026-01-09,1000.5,SBIN.NS,State Bank of India
2026-01-12,1015.1500244140625,SBIN.NS,State Bank of India
2026-01-13,1028.449951171875,SBIN.NS,State Bank of India
2026-01-14,1028.3499755859375,SBIN.NS,State Bank of India
2026-01-15,1028.3499755859375,SBIN.NS,State Bank of India
2026-01-16,1042.300048828125,SBIN.NS,State Bank of India
2026-01-19,1038.4000244140625,SBIN.NS,State Bank of India
2026-01-20,1036.4000244140625,SBIN.NS,State Bank of India
2026-01-21,1028.6500244140625,SBIN.NS,State Bank of India
2026-01-22,1048.3499755859375,SBIN.NS,State Bank of India
2026-01-23,1029.5,SBIN.NS,State Bank of India
2026-01-27,1053.1500244140625,SBIN.NS,State Bank of India
2026-01-28,1063.5,SBIN.NS,State Bank of India
2026-01-29,1066.199951171875,SBIN.NS,State Bank of India
2026-01-30,1077.1500244140625,SBIN.NS,State Bank of India
2026-02-02,1028.699951171875,SBIN.NS,State Bank of India
2026-02-03,1064.199951171875,SBIN.NS,State Bank of India
2026-02-04,1068.199951171875,SBIN.NS,State Bank of India
2026-02-05,1073.5,SBIN.NS,State Bank of India
2026-02-06,1066.4000244140625,SBIN.NS,State Bank of India
2026-02-09,1146.0,SBIN.NS,State Bank of India
2026-02-10,1144.0999755859375,SBIN.NS,State Bank of India
2026-02-11,1182.9000244140625,SBIN.NS,State Bank of India
2026-02-12,1192.4000244140625,SBIN.NS,State Bank of India
2026-02-13,1198.5999755859375,SBIN.NS,State Bank of India
2026-02-16,1208.0999755859375,SBIN.NS,State Bank of India
2026-02-17,1213.4000244140625,SBIN.NS,State Bank of India
2026-02-18,1218.9000244140625,SBIN.NS,State Bank of India
2026-02-19,1205.699951171875,SBIN.NS,State Bank of India
2026-02-20,1216.0999755859375,SBIN.NS,State Bank of India
2026-02-23,1227.800048828125,SBIN.NS,State Bank of India
2026-02-24,1223.300048828125,SBIN.NS,State Bank of India
2026-02-25,1200.0999755859375,SBIN.NS,State Bank of India
2026-02-26,1209.5,SBIN.NS,State Bank of India
2026-02-27,1201.699951171875,SBIN.NS,State Bank of India
2026-03-02,1189.9000244140625,SBIN.NS,State Bank of India
2026-03-04,1174.5,SBIN.NS,State Bank of India
2026-03-05,1169.5,SBIN.NS,State Bank of India
2026-03-06,1143.0,SBIN.NS,State Bank of India
2026-03-09,1098.5,SBIN.NS,State Bank of India
2026-03-10,1112.199951171875,SBIN.NS,State Bank of India
2026-03-11,1091.0999755859375,SBIN.NS,State Bank of India
2026-03-12,1085.199951171875,SBIN.NS,State Bank of India
2026-03-13,1047.0,SBIN.NS,State Bank of India
2026-03-16,1066.699951171875,SBIN.NS,State Bank of India
2026-03-17,1064.699951171875,SBIN.NS,State Bank of India
2026-03-18,1069.800048828125,SBIN.NS,State Bank of India
2026-03-19,1048.9000244140625,SBIN.NS,State Bank of India
2026-03-20,1058.0,SBIN.NS,State Bank of India
2026-03-23,1031.9000244140625,SBIN.NS,State Bank of India
2026-03-24,1030.800048828125,SBIN.NS,State Bank of India
2026-03-25,1060.5999755859375,SBIN.NS,State Bank of India
2026-03-27,1019.5,SBIN.NS,State Bank of India
2026-03-30,979.4000244140625,SBIN.NS,State Bank of India
2026-04-01,1017.7999877929688,SBIN.NS,State Bank of India
2026-04-02,1018.4000244140625,SBIN.NS,State Bank of India
2026-04-06,1032.75,SBIN.NS,State Bank of India
2026-04-07,1030.4000244140625,SBIN.NS,State Bank of India
2026-04-08,1061.449951171875,SBIN.NS,State Bank of India
2026-04-09,1040.949951171875,SBIN.NS,State Bank of India
2026-04-10,1066.699951171875,SBIN.NS,State Bank of India
2026-04-13,1063.550048828125,SBIN.NS,State Bank of India
2026-04-15,1071.5,SBIN.NS,State Bank of India
2026-04-16,1067.1500244140625,SBIN.NS,State Bank of India
2026-04-17,1080.25,SBIN.NS,State Bank of India
2026-04-20,1107.8499755859375,SBIN.NS,State Bank of India
2026-04-21,1111.8499755859375,SBIN.NS,State Bank of India
2026-04-22,1103.300048828125,SBIN.NS,State Bank of India
2026-04-23,1094.25,SBIN.NS,State Bank of India
2026-04-24,1101.0999755859375,SBIN.NS,State Bank of India
2026-04-27,1111.8499755859375,SBIN.NS,State Bank of India
2026-04-28,1091.300048828125,SBIN.NS,State Bank of India
2026-04-29,1086.9000244140625,SBIN.NS,State Bank of India
2026-04-30,1068.449951171875,SBIN.NS,State Bank of India
2026-05-01,1068.449951171875,SBIN.NS,State Bank of India
2026-05-04,1068.4000244140625,SBIN.NS,State Bank of India
2026-05-05,1059.9000244140625,SBIN.NS,State Bank of India
2026-05-06,1096.0,SBIN.NS,State Bank of India
2026-05-07,1092.0,SBIN.NS,State Bank of India
2026-05-08,1019.2999877929688,SBIN.NS,State Bank of India
2026-05-11,973.5999755859375,SBIN.NS,State Bank of India
2026-05-12,974.5999755859375,SBIN.NS,State Bank of India
2026-05-13,,SBIN.NS,State Bank of India
